RelativePath,SHA256,Bytes
ARCHITECTURE.md,DFA7807CD7D9ABA054EBB09B7D6F05969BD858175A94E4731EE4C7FE33C746E1,14618
B5_A-F_RECONCILIATION.md,ECE84E893D409D71A3430BDEB6BD5C0294F28B66F20B5F2541E18BB8E4B7D01B,15676
CHANGELOG-B6.1.md,DCF8543EDF4ABE9AFE4CC9F740D90DB6BC87E00708BA783574C37CBA7D4C8855,4646
CHANGELOG-B6.md,7B3375C61A349A15F4A0AC44D67E363F29984DE8E6114404CD28B5CB876746AA,16756
README.md,EBD1CE84A4444F560345FF9452029A37D0E58FA8D03D162470623B61E12E0306,12902
Resources\Fixtures\deck_macro.pptm,A2DAD90B38DB0D0B6C94E36889FEB3919018C484E8D108A0D907D338CDC77B30,35943
Resources\Fixtures\deck_macro_show.ppsm,DD9AE6DD7E932A850F998AF63C8F3283CCE8D9EE5E1DEEBB858DCB92CE39A4F2,36374
Resources\Fixtures\deck_macro_template.potm,6DB0E891A8518FB253222F053B4C84A038774EA359E8C76F6FB247B87F7C930B,36654
Resources\Fixtures\deck_open.odp,FE05A043A2C2933716D66CE14C9015B2BCA74F2DBA01E817DF3B1ACE5494C124,28884
Resources\Fixtures\deck_show.ppsx,B2D2E2968E856156FB4D8A090810AAF028E9287C3739D5597F07FF404004726D,35852
Resources\Fixtures\deck_template.potx,317E3FF7FDE9269AE50D1BBBAC5C3A4E4F72A4F9592554A65EB3FC4A6FC80493,36116
Resources\Fixtures\discovery_schedule.msg,77F1024AD76C3EC78FB9D4746DFE75AD187A8564FC2E2E49AA1CBC66D0B7A292,19968
Resources\Fixtures\ledger_macro.xlsm,27225FE1169AE6C7B5E659C0D4A24B8DD7B0D35DEC3EDD5CFAFB5E9B0AAADDAF,8933
Resources\Fixtures\ledger_macro_template.xltm,49B8104DA623CD53FA74D8A965CCF8935C06C7DE1BAD83E8D960D37C99A9BA10,8941
Resources\Fixtures\ledger_open.ods,5D7FEC4E9A78D271AEC9FA530AD932AEBE31B66975C9C9CC3C00BB032AB7A5F3,2928
Resources\Fixtures\ledger_template.xltx,FD758CA1426EEA7B8CC3376DCA15D61431B472289F7CCD4E5407130D63511E2F,8919
Resources\Fixtures\ledger_xml2003.xml,14981190FCFD8798FE742DD81338EC7BA77CC881C8156CDA80F9449F49E414D3,2145
Resources\Fixtures\legacy_deck.ppt,E8A4BD85BBDD148D0D7C4ECF647F198FC63035E17A7E47CAFB9B9236F6686863,275968
Resources\Fixtures\legacy_ledger.xls,3247363EDCD2BCCE72F48C7870D688E1CCC3C26EF54B776D67F216A82D32C0EB,25600
Resources\Fixtures\legacy_memo.doc,0F4D2FBDD00C2715C4DFDD5063AA960257F7053B1A1EDE3A322345AEFBF59CB3,25088
Resources\Fixtures\tika_testPST_variousBodyTypes.pst,24C5E6BBB8BF26A817C977283E40E7B69D2661FEC0845ABBE177F97EFCB05FB0,271360
Resources\Phase2\semantic_field_registry.json,BF1461C0E7D18C61033F55A7A8B5CA4CC86CC8B2B5E92EAE9DD76FF4BA094310,83840
Resources\Phase2\standard_report_catalog.json,03F2113F96EDDF16BC101B407CA65037BA784ED3823CE370E8DF59CA6BB4FA43,59615
Scripts\ArchiveAnalysis.py,22113E33571A255282A77087D9A718DE8F676EB231DDB0534314C58D70ADF921,10194
Scripts\AudioAnalysis.py,8D554F5B96936CD8F1525C8C10D5309E3D38A7CCE9B49531A4B9D38CC54A56EC,3013
Scripts\ContentExtraction.py,4716C0D685E392535D281B88A83C76E86B7B7B860ECDD4569C8ABB284476E2C5,22824
Scripts\Dashboard.py,2BB232B33E1A1B07346AACE40AF97A13DAE23CEEE439CFF63A8D172B7EAA9300,92798
Scripts\Database\fo_analyzer_engine.py,BF350E1E8288C718A7023EF94150FD48AE6D1EABC69A6B45F18A862D3FF1062A,33664
Scripts\Database\fo_analyzer_records.py,8D1D76E2A2A1E7C9F7DA7F24B6AE4156F74BC5C21074FF383E153A5D47960983,30545
Scripts\Database\fo_analyzers.py,04F8DBE9FA853AC6EAB27539400CE082F22A0D151DC9547BA520F328B8543A29,33195
Scripts\Database\fo_db.py,955237CDE32A059F151D72610B54FB8DC37368B7A406832C47CA2A498E2FB229,38705
Scripts\Database\fo_email.py,C799000A271FCA6CBEDE52A67250F91B5435E9C0D27DC084BD4987305F3A8365,16731
Scripts\Database\fo_env.py,98D5B95383BCA987B6627CD6A773390A6D227DCD38CA6331F0B3BE3E6BA268CD,16165
Scripts\Database\fo_estimates.py,4690C059973798D8F9CE20E412EE6F35E6861AC79D1725EED9EBD021454A093E,48245
Scripts\Database\fo_exports.py,F4E0F52431E35F2DC306F8B6ECFBA09E860C238B0FC9CC5A1F4D6E784DB1D0C1,64569
Scripts\Database\fo_extractors.py,2B2F6A80664E0905B173B27114D17B6D6913F74A63A813A6456B943549B66AEB,46559
Scripts\Database\fo_hash_engine.py,D2095ACAA8942EF5CA216717612DF153EB766770A932CD34816D7634CDD25365,39483
Scripts\Database\fo_hash_records.py,418A8521F5885BBE64661171A1E8438E4B7CE5336D0AEF5CD7A1A8D5B47C03A4,11447
Scripts\Database\fo_hash_reports.py,1E3D75F16EBA6735881B9651370B0B6CC02D51F987478BEB3193D64DB92F217E,26378
Scripts\Database\fo_hashes.py,4CF1AC8F6A5610047D71E08700AB5420B34A27E4065E9AC8848AF49316FF97E4,25680
Scripts\Database\fo_inventory.py,4071AEE48F4A94A24E9F4B8D1D729C8184370A01EE5371B6E0ED0CBD7603A890,16696
Scripts\Database\fo_inventory_records.py,08DEB74F141D9493E457A2BDE62221DED1D5C5B2F19BF2FCADF4BCF381EDCB93,25723
Scripts\Database\fo_log.py,D4776E336A87868ABD59FDDC8101C9ACE420813BB18042F4D16E03DE8BCE407E,15245
Scripts\Database\fo_ocr.py,782A95707EF14B99ACDB5B8D6748EF0685BB966680145F4064E1968092B00EFF,13655
Scripts\Database\fo_project.py,B963C55877E92C7C9B55389661AD9049CFF91609F0A5CB2749BAB27E2BCE7ECC,9289
Scripts\Database\fo_pst.py,6102A479F49EDE7B428C20903C7E0E60CC09ECE0A0289F2FCA89D001518F1FF1,23917
Scripts\Database\fo_runs.py,D047D0A1BDAE0B8B77507132FFEF301F6335ECD073D77D9AE31168BF14CD2622,26240
Scripts\Database\fo_scan.py,FAD9A17311BEF96E9BF4C704C606EBA725C4FF376BDD33E9BAA12C15A2E786CC,43139
Scripts\Database\fo_state.py,97D6AF47310817C08EC8B381DB41FC6608A92E71452C3888146DAFF7A62440A1,32526
Scripts\Database\fo_text.py,824F3B235108E3DA06F241472BD478FFCDE0AD562875DED3698A205BE8E3B751,10401
Scripts\Database\migrations\001_initial.sql,E2EA72D8C0B3C6540EA6138A2B101DC7FDCCC45CBAE8424FF11CE959DF515CD2,4750
Scripts\Database\migrations\002_runs_logging.sql,8A1A6C44DDD32C1D0D9495FFE2FEEFFA32647C8E40AFD99719E1DF3B197A9CDA,14844
Scripts\Database\migrations\003_inventory.sql,DC2D87A7758F7B3A111E1955D7917AFDEB1B815BF73A68D789128440EDEFD7C8,12585
Scripts\Database\migrations\004_hash_duplicates.sql,BD113A9B84BF13EC1FDAA51596D8FB9D24495A4AE47A726716A96D93A3A82969,16906
Scripts\Database\migrations\005_analyzer_results.sql,61626C2BFA1B26D976A40DE78155E6F344DC0679E7F69079991A9F0B5AEB9ABE,25881
Scripts\Database\migrations\006_b6_state_identity.sql,EB354B8D8B236462532E05BB043D3B8769C52EEB4A70E1265FE60E695C34187C,24526
Scripts\Database\migrations\007_b61_reconciliation.sql,35D1D35E6764EA4E41A5C5BF0D3881E4CD65FA4794BB3A537C19E981160732BC,8670
Scripts\Database\migrations\008_phase2_core.sql,CA14E7C308FDA6FB8C6C91937D673B5E8294D37EEE84519536B2877AD4A3944C,8072
Scripts\Database\win_meta.py,3ED2132415BC66BA5C3EE57160D75E0EFA6F3EB8134AAAD45DCAA981F452DE68,41215
Scripts\ImageHash.py,A187FB3E13A4C5709D25A1E26799DEBD9012C706CA508445AE4EAC77B215D392,3435
Scripts\Install-Dependencies.ps1,3A1AEAED39135830571F228AECFC356A3379E13D94ED20CFFCB56A23198EDDFB,13488
Scripts\OfficeAnalysis.py,9D066DFB85E81E5F8A3F5C05B3727EC9DC37903E82C43476BD27425284303298,10972
Scripts\PDFAnalysis.py,3A6DD23365A5CF9EEB02E2667376D29A4D811ECC113CEA6FBAF55C6B67FD19D4,3584
Scripts\Phase2\__init__.py,81AC81C7531D7C04AAB2B6EF8F684728D3207C1461B0EFE4131F2E9CA41F3D3B,176
Scripts\Phase2\core.py,5BE1DCB2F0118C38B2F47EC489D4682CCEB308A11F3D09A8A31A1B8AE8C5995F,5697
Scripts\Phase2\coverage.py,AF155EBE8C535799A90354DAEC2B5FFB374FBA3610F22D6EAB09499181368A0B,10246
Scripts\Phase2\derived.py,377492405D67D7D6C0666F78BD6753E30D1B7D239D493D9B69A5D01BA1438EA5,6019
Scripts\Phase2\fts.py,B0CC8A2AF7C84BF61DA9DFADEBCA42B2AFE72701CCF0D3858E2B749909B4F7B4,7939
Scripts\Phase2\gui.py,01A5CA9962906F2EF3864B96F1E8C4C88ED70BAD8743C024848D36FBDF254DDB,78787
Scripts\Phase2\hub.py,1C7820436F20F0BDFF27DCE041FF1D8E7EA1606111EF476A6FAF955019FCE7A5,18053
Scripts\Phase2\launch.py,4F7EE3DDEBB2091BB6E156A886C0D3A80987D25AE7E2C707B1A1BF626829CE71,1156
Scripts\Phase2\query.py,034E67A5036D4E25465B43C3E1F342767697CF64DFDB544C163E4585BF3D0719,59004
Scripts\Phase2\reports.py,E6474046B530D79FCD2A824335BEF003E007D83C199F4CF7A70E8C68A7760241,3280
Scripts\Phase2\runner.py,D5F99E0047FE8B770AC690F89373C80EB7024D8F8730DA8BA25146E7B254FAFD,36531
Scripts\Phase2\saved.py,8C97814CBD64A329648F2BC56004CC3840892BAE393FC7E1190621FBBAD0FF41,3953
Scripts\RawImageAnalysis.py,0F61A2DC5E3F0D6795403994C15FB5FB321CD2F5D1EC1A7A220185CE8299C7AE,2110
Scripts\RunCoordinator.py,2DFCF3A8B3F7F9354C31A0220EFF83400945816B22CFB868352387FEDDE42052,121022
Scripts\Test-Installation.ps1,9E4437FECEDB579E5B7EDC459F81CA51E8753F48C02E506208B41959C1E0C81A,4779
Scripts\TextFileAnalysis.py,22F7F0EFA212063C284FC3B9858773B569106E6F3FE0EDDF268CAED054819B58,4557
Scripts\VideoAnalysis.py,CFA55826B564076B8AC32779C1E423EA3749B6320679EB6D6278067CE45F1EA3,2548
Scripts\b6_regression.py,A59B79C734834C74EA99590C0F4A3E78B326666CCE39165175EA74BA65A41477,45065
Scripts\file_organizer_common.py,46B16CD99D3853A06D619BE64C270A3DAE95BBD9E0D48CDA9A1679531698EC24,3388
Scripts\p1_identity_narrowing_check.py,3CD4B28DAF32639E27F298855A9EC74276856A6CD92F1FBC9A4C1795D4536D87,5926
Scripts\p2_acceptance.py,CD37DFCE0019DB68AEED41B6768D98450B7A09B65CCCCA82320E82111D8AC391,12283
Scripts\p2_benchmark.py,46D4DCED68C595EB56286FDC0AE8C37557898253A869CB4561782A80678F13DE,12908
Scripts\p2_build_acceptance_corpus.py,D80B6AB63F1B660161AC5EC2FE51388A539C75E8D14141C703C56601F22F65E0,53879
Scripts\p2_dashboard_check.py,D6819DDFF5DE8D0FE7B3B10F0EFE8456AB8D3891477B7554C6B320720F9934AE,66481
Scripts\p2_fixture_blobs.py,9F9A95F86BE32712D080BC19C6C8CBEB02499C4A5D775B2A95AD9DD71428E60B,1779
Scripts\p2_regression.py,A4F56E4C85A0A96CFF28F152DA367D686875001181713B6EAE508DF35EF10FD4,11306
Scripts\p2_scale_corpus.py,A80E58067191E9FF93C8EB72E350071AF0432F0DE566F8D8D30F20ACC422299C,6906
Scripts\self_check.py,906D2995DFA9EC85D1D79D167F9334E5A258A0B12C9C82F625FEEECB095629BB,9516
TheFileOrganizer.bat,2ED9D763C5DB8C5B4116A9BA0C89CAC20DAFF767D298DE9ED172C15429DF325E,3954
